{
  "benchmark": "barren_plateau_qfi",
  "parameters": {
    "n_qubits": 2,
    "depths": [
      1,
      2,
      3,
      4,
      5,
      6
    ],
    "n_samples_qfi": 20,
    "n_samples_grad": 30
  },
  "data": {
    "qfi_lambda_min": [
      0.294960568943197,
      0.09971207769991701,
      0.46055372628438845,
      0.8918530318884008,
      1.1011354127276909,
      1.5603886341511157
    ],
    "qfi_lambda_max": [
      0.9999999999983891,
      2.0752784689044104,
      2.773900899338817,
      3.773890634035406,
      4.265266435779507,
      5.069418783765705
    ],
    "condition_numbers": [
      52.058416979222486,
      48.947921932148276,
      7.902766394963012,
      4.527486700110582,
      4.0616251015076745,
      3.3801273479327008
    ],
    "gradient_variances": [
      0.09364645868973868,
      0.08983857722403646,
      0.0854559016044558,
      0.07790949054684557,
      0.08523491164405933,
      0.08499902232282729
    ]
  },
  "analysis": {
    "correlation": -0.6141264693717643,
    "barren_plateau_depth": null
  },
  "statement": "QFI eigenspectrum predicts trainability without computing gradients, enabling circuit design optimization."
}