{
  "amplitude_damping": {
    "time": [
      0.0,
      0.05,
      0.1,
      0.15000000000000002,
      0.2,
      0.25,
      0.30000000000000004,
      0.35000000000000003,
      0.4,
      0.45,
      0.5,
      0.55,
      0.6000000000000001,
      0.65,
      0.7000000000000001,
      0.75,
      0.8,
      0.8500000000000001,
      0.9,
      0.9500000000000001,
      1.0,
      1.05,
      1.1,
      1.1500000000000001,
      1.2000000000000002,
      1.25,
      1.3,
      1.35,
      1.4000000000000001,
      1.4500000000000002,
      1.5,
      1.55,
      1.6,
      1.6500000000000001,
      1.7000000000000002,
      1.75,
      1.8,
      1.85,
      1.9000000000000001,
      1.9500000000000002,
      2.0,
      2.0500000000000003,
      2.1,
      2.15,
      2.2,
      2.25,
      2.3000000000000003,
      2.35,
      2.4000000000000004,
      2.45,
      2.5,
      2.5500000000000003,
      2.6,
      2.6500000000000004,
      2.7,
      2.75,
      2.8000000000000003,
      2.85,
      2.9000000000000004,
      2.95,
      3.0
    ],
    "bures_distance": [
      2.5809568279517847e-08,
      0.04327383420617891,
      0.0706075930122888,
      0.09659319165175835,
      0.1220578147040821,
      0.1472389077276983,
      0.1722303194118745,
      0.19707551680123295,
      0.22179633647992275,
      0.24640400682096655,
      0.27090402746005743,
      0.2952985652434447,
      0.3195877267297412,
      0.34377027668755605,
      0.36784406389226365,
      0.3918062832166085,
      0.4156536416088474,
      0.4393824651737903,
      0.4629887687094709,
      0.486468300376084,
      0.5098165692307618,
      0.5330288604395642,
      0.5561002411892029,
      0.5790255591869958,
      0.6017994348911067,
      0.6244162480998199,
      0.6468701191563482,
      0.6691548847375249,
      0.6912640679541491,
      0.7131908422729922,
      0.7349279885577961,
      0.7564678443051716,
      0.7778022439095025,
      0.7989224485180672,
      0.8198190637232563,
      0.8404819429725929,
      0.8609000741488239,
      0.8810614462717989,
      0.9009528926929666,
      0.9205599064878874,
      0.9398664230059801,
      0.9588545637282393,
      0.9775043347570637,
      0.995793272504896,
      1.0136960286176484,
      1.0311838861336964,
      1.0482241997795787,
      1.0647797558339698,
      1.080808052208239,
      1.0962605088326547,
      1.1110816342134433,
      1.1252081987916152,
      1.1385685023356837,
      1.1510818730650043,
      1.1626585995885124,
      1.1732005654221604,
      1.1826029103858584,
      1.190757047890371,
      1.197555271585755,
      1.2028969398981104,
      1.2066958213248373
    ],
    "qfi": [
      3.999999999999999,
      3.9800499210896185,
      3.9601993435913694,
      3.940447771239998,
      3.9207947102453793,
      3.9012396692801796,
      3.881782159467564,
      3.8624216943689946,
      3.843157789972038,
      3.82398996467829,
      3.8049177392913283,
      3.7859406370047384,
      3.76705818339017,
      3.748269906385513,
      3.729575336283062,
      3.7109740057177993,
      3.6924654496556877,
      3.674049205382065,
      3.655724812490067,
      3.637491812869113,
      3.6193497506934604,
      3.6012981724108117,
      3.583336626730959,
      3.565464664614522,
      3.5476818392617147,
      3.5299877061011657,
      3.5123818227788135,
      3.4948637491468593,
      3.477433047252731,
      3.4600892813281656,
      3.4428320177783016,
      3.4256608251708327,
      3.408575274225246,
      3.391574937802054,
      3.3746593908921505,
      3.3578282106061623,
      3.341080976163888,
      3.3244172688837774,
      3.3078366721724577,
      3.291338771514332,
      3.2749231544612076,
      3.258589410621972,
      3.2423371316523637,
      3.2261659112447303,
      3.2100753451179043,
      3.1940650310070606,
      3.1781345686536904,
      3.162283559795578,
      3.1465116081568474,
      3.1308183194380566,
      3.1152033013063423,
      3.099666163385606,
      3.08420651724676,
      3.068823976398016,
      3.053518156275213,
      3.038288674232219,
      3.023135149531358,
      3.008057203333883,
      2.9930544586905192,
      2.978126540532033,
      2.9632730756598544
    ],
    "purity": [
      1.0000000000000004,
      0.9975186778181039,
      0.9950744208531304,
      0.9926667985761899,
      0.9902953850500764,
      0.9879597588820435,
      0.9856595031770573,
      0.9833942054915257,
      0.9811634577874913,
      0.9789668563872908,
      0.97680400192867,
      0.9746744993203578,
      0.9725779576980842,
      0.9705139903810462,
      0.9684822148288146,
      0.9664822525986746,
      0.9645137293034012,
      0.9625762745694596,
      0.9606695219956293,
      0.9587931091120481,
      0.9569466773396692,
      0.9551298719501301,
      0.9533423420260273,
      0.951583740421593,
      0.9498537237237707,
      0.948151952213685,
      0.9464780898285011,
      0.9448318041236717,
      0.9432127662355649,
      0.9416206508444734,
      0.9400551361379946,
      0.9385159037747857,
      0.9370026388486846,
      0.9355150298531928,
      0.9340527686463226,
      0.932615550415796,
      0.9312030736445998,
      0.9298150400768876,
      0.9284511546842307,
      0.9271111256322072,
      0.9257946642473336,
      0.92450148498433,
      0.9232313053937181,
      0.9219838460897476,
      0.920758830718648,
      0.919555985927203,
      0.9183750413316438,
      0.9172157294868587,
      0.9160777858559123,
      0.9149609487798789,
      0.9138649594479793,
      0.9127895618680205,
      0.9117345028371361,
      0.9106995319128264,
      0.9096844013842882,
      0.9086888662440397,
      0.9077126841598314,
      0.9067556154468432,
      0.9058174230401651,
      0.9048978724675549,
      0.9039967318224759
    ],
    "fidelity_to_ideal": [
      0.9999999999999993,
      0.9987520802749718,
      0.997507273965938,
      0.9962655728647435,
      0.9950269697994895,
      0.9937914567007624,
      0.9925590261559921,
      0.9913296702464692,
      0.9901033812785269,
      0.9888801519293366,
      0.9876599742259051,
      0.9864428407393117,
      0.9852287438425619,
      0.9840176758107029,
      0.9828096293781473,
      0.9816045968996183,
      0.9804025707990176,
      0.9792035435686178,
      0.978007507826379,
      0.9768144560427763,
      0.9756243808729289,
      0.9744372748030098,
      0.9732531304559797,
      0.9720719404753795,
      0.9708936974754503,
      0.9697183941265333,
      0.9685460230477907,
      0.9673765770095523,
      0.9662100486592543,
      0.9650464307525989,
      0.9638857160207889,
      0.9627278972544916,
      0.9615729671674087,
      0.9604209186304737,
      0.9592717444378278,
      0.9581254374114397,
      0.9569819904240561,
      0.9558413963403912,
      0.9547036480486996,
      0.9535687384381663,
      0.9524366604248838,
      0.9513074069904275,
      0.9501809710479224,
      0.9490573456096215,
      0.9479365236319023,
      0.9468184981770683,
      0.9457032622439223,
      0.9445908088821279,
      0.9434811311405209,
      0.9423742221174456,
      0.9412700748871898,
      0.940168682609385,
      0.9390700383741197,
      0.9379741353460742,
      0.9368809666973449,
      0.9357905255848006,
      0.9347028052311822,
      0.9336177988296127,
      0.9325354996657933,
      0.931455900920117,
      0.9303789959407103
    ],
    "decoherence_rate": 0.04241887896865936
  },