{
  "benchmark": "spectral_fingerprints",
  "s_values": [
    0.5,
    0.5510204081632653,
    0.6020408163265306,
    0.653061224489796,
    0.7040816326530612,
    0.7551020408163265,
    0.8061224489795918,
    0.8571428571428572,
    0.9081632653061225,
    0.9591836734693877,
    1.010204081632653,
    1.0612244897959184,
    1.1122448979591837,
    1.163265306122449,
    1.2142857142857144,
    1.2653061224489797,
    1.316326530612245,
    1.3673469387755102,
    1.4183673469387754,
    1.469387755102041,
    1.5204081632653061,
    1.5714285714285714,
    1.6224489795918369,
    1.6734693877551021,
    1.7244897959183674,
    1.7755102040816326,
    1.8265306122448979,
    1.8775510204081634,
    1.9285714285714286,
    1.9795918367346939,
    2.0306122448979593,
    2.0816326530612246,
    2.13265306122449,
    2.183673469387755,
    2.2346938775510203,
    2.2857142857142856,
    2.336734693877551,
    2.387755102040816,
    2.438775510204082,
    2.489795918367347,
    2.5408163265306123,
    2.5918367346938775,
    2.642857142857143,
    2.693877551020408,
    2.7448979591836737,
    2.795918367346939,
    2.8469387755102042,
    2.8979591836734695,
    2.9489795918367347,
    3.0
  ],
  "signatures": {
    "H1: diag(1,2)": {
      "values": [
        1.7071067811865475,
        1.6825372037979984,
        1.6588213364135296,
        1.6359295154878737,
        1.6138331081839818,
        1.5925044765593883,
        1.5719169429969755,
        1.552044756836906,
        1.5328630621679806,
        1.5143478667381387,
        1.4964760119452147,
        1.4792251438704138,
        1.4625736853182771,
        1.4465008088281628,
        1.4309864106234889,
        1.4160110854661514,
        1.4015561023846663,
        1.3876033812456772,
        1.3741354701395234,
        1.361135523551585,
        1.348587281292098,
        1.3364750481580892,
        1.3247836743019883,
        1.3134985362823675,
        1.3026055187731005,
        1.2920909969080694,
        1.2819418192393321,
        1.2721452912874363,
        1.2626891596633047,
        1.2535615967418319,
        1.2447511858680194,
        1.2362469070771516,
        1.2280381233111448,
        1.220114567113832,
        1.212466327788542,
        1.2050838390019094,
        1.1979578668184114,
        1.1910794981506616,
        1.1844401296110192,
        1.178031456750567,
        1.171845463671998,
        1.1658744130034195,
        1.1601108362205341,
        1.154547524305091,
        1.1491775187279265,
        1.143994102745312,
        1.1389907929977248,
        1.1341613314005343,
        1.129499677316458,
        1.125
      ],
      "eigenvalues": [
        1.0,
        2.0
      ]
    },
    "H2: diag(1,3)": {
      "values": [
        1.5773502691896257,
        1.5458790806827065,
        1.5161233771402758,
        1.487989647995907,
        1.4613894799158602,
        1.4362392789504697,
        1.4124600078309761,
        1.389976937586229,
        1.3687194126986875,
        1.3486206290616962,
        1.3296174240402436,
        1.3116500779754432,
        1.2946621265089482,
        1.2786001831375025,
        1.2634137714399913,
        1.2490551664497445,
        1.2354792446735867,
        1.2226433422863041,
        1.2105071210548881,
        1.1990324415712084,
        1.1881832433947326,
        1.177925431728633,
        1.168226770273142,
        1.1590567799194398,
        1.1503866429657075,
        1.1421891125543342,
        1.1344384270456742,
        1.1271102290592652,
        1.120181488928085,
        1.113630432325294,
        1.1074364718360203,
        1.1015801422591491,
        1.0960430394357894,
        1.0908077624121835,
        1.0858578587552983,
        1.0811777728492484,
        1.0767527970100643,
        1.0725690252651798,
        1.0686133096523864,
        1.064873218900918,
        1.0613369993648174,
        1.0579935380858116,
        1.0548323278696226,
        1.0518434342659526,
        1.0490174643483843,
        1.0463455371960777,
        1.0438192559845016,
        1.041430681597489,
        1.0391723076776935,
        1.037037037037037
      ],
      "eigenvalues": [
        1.0,
        3.0
      ]
    },
    "H3: diag(1,2,3)": {
      "values": [
        2.284457050376173,
        2.228416284480705,
        2.1749447135538054,
        2.1239191634837806,
        2.075222588099842,
        2.0287437555098577,
        1.9843769508279516,
        1.942021694423135,
        1.901582474866668,
        1.862968495799835,
        1.8260934359854584,
        1.790875221845857,
        1.7572358118272253,
        1.7251009919656652,
        1.6944001820634802,
        1.6650662519158959,
        1.637035347058253,
        1.6102467235319813,
        1.5846425911944118,
        1.5601679651227933,
        1.5367705246868306,
        1.514400479886722,
        1.4930104445751302,
        1.4725553162018072,
        1.452992161738808,
        1.4342801094624036,
        1.4163802462850064,
        1.3992555203467014,
        1.3828706485913898,
        1.3671920290671258,
        1.3521876577040395,
        1.3378270493363007,
        1.3240811627469342,
        1.3109223295260155,
        1.2983241865438402,
        1.2862616118511578,
        1.2747106638284758,
        1.2636485234158414,
        1.2530534392634056,
        1.242904675651485,
        1.2331824630368153,
        1.2238679510892312,
        1.2149431640901567,
        1.2063909585710437,
        1.1981949830763108,
        1.1903396399413897,
        1.1828100489822264,
        1.1755920129980233,
        1.1686719849941516,
        1.162037037037037
      ],
      "eigenvalues": [
        1.0,
        2.0,
        3.0
      ]
    },
    "H4: \u03c3x + \u03c3z": {
      "values": [
        0.8408964152537145,
        0.8261580985489391,
        0.811678099010642,
        0.797451889136814,
        0.7834750207785707,
        0.7697431237493377,
        0.7562519044584123,
        0.7429971445684741,
        0.7299746996766262,
        0.7171804980185522,
        0.7046105391953875,
        0.6922608929229022,
        0.6801276978026091,
        0.6682071601144084,
        0.6564955526303958,
        0.6449892134494587,
        0.6336845448522997,
        0.6225780121765281,
        0.6116661427114659,
        0.600945524612327,
        0.5904128058334253,
        0.5800646930800814,
        0.5698979507788988,
        0.5599094000660887,
        0.5500959177935248,
        0.5404544355522206,
        0.5309819387129209,
        0.5216754654835094,
        0.5125321059829372,
        0.5035490013313816,
        0.4947233427563523,
        0.4860523707144649,
        0.47753337402860635,
        0.46916368904022393,
        0.4609406987764715,
        0.4528618321319533,
        0.44492456306480926,
        0.43712640980689044,
        0.4294649340877775,
        0.4219377403724,
        0.41454247511201775,
        0.40727682600833,
        0.4001385212904826,
        0.3931253290047475,
        0.38623505631665084,
        0.37946554882533384,
        0.37281468988993005,
        0.3662803999677491,
        0.35986063596406054,
        0.3535533905932737
      ],
      "eigenvalues": [
        -1.4142135623730951,
        1.4142135623730951
      ]
    },